,City,Lat,Lng,Max Temp,Humidity,Cloudiness,Wind Speed,Country,Date
0,Punta Arenas,-53.15,-70.92,286.15,71,75,5.1,CL,1605065360
1,Jacareacanga,-6.22,-57.75,296.03,89,64,0.44,BR,1605065360
2,Rikitea,-23.12,-134.97,296.17,79,9,8.98,PF,1605065360
3,São João da Barra,-21.64,-41.05,296.46,91,100,4.9,BR,1605065360
4,Vaini,-21.2,-175.2,300.15,74,20,4.6,TO,1605065361
5,Vytegra,61.01,36.45,274.77,86,100,3.98,RU,1605065361
6,Albany,42.6,-73.97,289.26,69,0,2.08,US,1605065360
7,Necoclí,8.42,-76.79,298.45,82,99,1.41,CO,1605065361
8,Lagoa,39.05,-27.98,288.37,66,83,7.77,PT,1605065362
9,Port Alfred,-33.59,26.89,289.12,78,89,2.43,ZA,1605065362
10,Tuatapere,-46.13,167.68,287.59,73,23,4.92,NZ,1605065362
11,Mar del Plata,-38.0,-57.56,290.37,93,94,1.5,AR,1605065251
12,Yei,4.09,30.68,291.29,93,0,0.81,SS,1605065362
13,Torbay,47.67,-52.73,284.82,93,5,12.3,CA,1605065363
14,Atuona,-9.8,-139.03,298.85,76,17,7.68,PF,1605065363
15,Hithadhoo,-0.6,73.08,302.24,70,100,3.65,MV,1605065363
16,Yellowknife,62.46,-114.35,255.37,77,90,4.1,CA,1605065299
17,Kralendijk,12.15,-68.27,301.15,83,35,2.6,BQ,1605065363
18,Severo-Kuril'sk,50.68,156.12,276.19,74,60,4.87,RU,1605065363
19,Qaqortoq,60.72,-46.03,268.55,91,100,3.95,GL,1605065364
20,Busselton,-33.65,115.33,287.59,71,79,1.34,AU,1605065364
21,Nanortalik,60.14,-45.24,271.05,86,100,2.84,GL,1605065364
22,Lebu,-37.62,-73.65,284.14,93,18,5.62,CL,1605065364
23,Ilulissat,69.22,-51.1,258.69,92,80,0.66,GL,1605065364
24,Olinalá,17.83,-98.85,292.25,88,0,2.26,MX,1605065365
25,Provideniya,64.38,-173.3,274.15,86,75,3.0,RU,1605065365
26,Charters Towers,-20.1,146.27,304.14,27,0,3.13,AU,1605065365
27,Kahului,20.89,-156.47,300.15,65,40,9.3,US,1605065170
28,Hambantota,6.12,81.12,301.15,88,20,1.0,LK,1605065365
29,Vila Velha,-20.33,-40.29,298.15,83,40,4.1,BR,1605065366
30,Swellendam,-34.02,20.44,279.15,93,0,1.0,ZA,1605065366
31,Nuevo Progreso,23.17,-97.95,297.04,68,4,0.7,MX,1605065367
32,Laas,46.62,10.7,275.15,93,5,2.6,IT,1605065367
33,Nānākuli,21.39,-158.15,301.15,58,1,3.6,US,1605065367
34,Adrar,20.5,-10.07,297.77,19,0,2.66,MR,1605065367
35,Naze,28.37,129.48,297.15,50,20,7.2,JP,1605065368
36,Hasaki,35.73,140.83,289.26,38,20,7.2,JP,1605065368
37,Dikson,73.51,80.55,259.47,94,29,7.7,RU,1605065368
38,Ushuaia,-54.8,-68.3,284.15,57,20,1.5,AR,1605065368
39,Los Llanos de Aridane,28.66,-17.92,293.15,72,20,4.6,ES,1605065368
40,Ahipara,-35.17,173.17,290.12,66,3,5.18,NZ,1605065368
41,Klaksvík,62.23,-6.59,281.15,75,100,9.3,FO,1605065369
42,Hobart,-42.88,147.33,306.48,22,0,5.1,AU,1605065143
43,Husavik,66.04,-17.34,273.15,92,90,3.1,IS,1605065369
44,Belaya Gora,68.53,146.42,246.63,89,96,1.3,RU,1605065369
45,Bukoba,-1.33,31.81,292.0,83,98,1.29,TZ,1605065370
46,Sur,22.57,59.53,296.93,67,0,0.86,OM,1605065370
47,Mataura,-46.19,168.86,287.59,73,0,4.92,NZ,1605065370
48,Hofn,64.25,-15.21,277.33,79,100,13.53,IS,1605065370
49,Fortuna,40.6,-124.16,281.48,100,40,3.1,US,1605065370
50,Moree,-29.47,149.85,304.15,20,40,3.6,AU,1605065371
51,Santander,43.46,-3.8,283.15,93,69,1.8,ES,1605065095
52,Itarema,-2.92,-39.92,300.34,76,18,6.83,BR,1605065371
53,Atar,20.52,-13.05,299.54,17,0,2.32,MR,1605065371
54,Lorengau,-2.02,147.27,302.84,65,99,2.46,PG,1605065372
55,Butaritari,3.07,172.79,300.96,78,23,3.7,KI,1605065372
56,Nikolskoye,59.7,30.79,272.59,92,90,3.0,RU,1605065372
57,Channel-Port aux Basques,47.57,-59.14,282.45,80,1,9.35,CA,1605065372
58,Longyearbyen,78.22,15.64,274.15,80,75,6.7,SJ,1605065373
59,Chui,-33.7,-53.46,289.05,87,88,4.57,UY,1605065373
60,Grindavik,63.84,-22.43,274.15,67,20,3.6,IS,1605065373
61,Hong Kong,22.29,114.16,296.48,60,0,2.24,HK,1605064964
62,Avera,33.19,-82.53,295.15,94,90,2.1,US,1605065373
63,Keta,5.92,0.99,298.15,88,20,1.0,GH,1605065374
64,Khandyga,62.67,135.6,254.12,90,95,0.85,RU,1605065374
65,Olafsvik,64.89,-23.71,277.57,71,100,3.46,IS,1605065374
66,Oktyabr'skiy,54.48,53.47,271.55,97,99,3.99,RU,1605065374
67,Hermanus,-34.42,19.23,283.71,88,2,1.34,ZA,1605065374
68,Hay River,60.82,-115.8,255.15,77,8,2.6,CA,1605065375
69,Saint-Philippe,-21.36,55.77,298.15,57,0,1.5,RE,1605065375
70,San Juan Bautista,-14.01,-75.74,291.15,88,90,4.6,PE,1605065375
71,Rome,43.21,-75.46,290.15,67,1,3.1,US,1605065375
72,Paraná,-31.73,-60.52,294.26,63,0,4.6,AR,1605065376
73,Hilo,19.73,-155.09,299.15,74,40,2.6,US,1605065192
74,Motril,36.75,-3.52,288.15,73,25,0.45,ES,1605065376
75,Cape Town,-33.93,18.42,287.59,76,0,2.1,ZA,1605064978
76,Jamestown,42.1,-79.24,290.15,67,1,4.6,US,1605065232
77,Beringovskiy,63.05,179.32,266.8,94,84,7.56,RU,1605065376
78,Saint George,37.1,-113.58,279.26,52,1,2.1,US,1605065199
79,Lazurne,46.08,32.53,271.15,92,0,3.0,UA,1605065377
80,Karratha,-20.74,116.85,306.27,16,0,6.13,AU,1605065111
81,Tiarei,-17.53,-149.33,297.15,83,75,1.5,PF,1605065377
82,Arroio Grande,-32.24,-53.09,289.98,89,98,4.99,BR,1605065378
83,Qaanaaq,77.48,-69.36,254.59,61,0,2.31,GL,1605065378
84,Saint Paul Harbor,57.79,-152.41,280.15,81,90,4.1,US,1605065378
85,Jiangkou,25.49,119.2,295.15,49,0,11.0,CN,1605065378
86,Sorong,-0.88,131.25,303.07,68,85,2.84,ID,1605065378
87,Bredasdorp,-34.53,20.04,279.15,93,0,1.0,ZA,1605065379
88,Castro,-24.79,-50.01,290.67,90,100,0.58,BR,1605065148
89,Priargunsk,50.37,119.1,270.2,94,78,0.39,RU,1605065379
90,Kabare,-2.47,28.82,289.43,86,99,0.72,CD,1605065295
91,Thompson,55.74,-97.86,263.15,92,90,1.5,CA,1605065380
92,Playa del Carmen,20.63,-87.08,300.15,78,40,4.6,MX,1605065162
93,Cidreira,-30.18,-50.21,293.66,95,100,4.65,BR,1605065380
94,Sarab,38.61,44.99,281.98,55,85,1.18,IR,1605065380
95,Narón,43.52,-8.15,285.93,74,61,4.47,ES,1605065380
96,Agirish,61.92,63.02,266.94,95,78,2.63,RU,1605065381
97,Vila Franca do Campo,37.72,-25.43,289.15,72,20,9.8,PT,1605065381
98,Malanje,-9.54,16.34,290.79,99,100,1.24,AO,1605065381
99,Camacha,33.08,-16.33,292.15,63,40,2.1,PT,1605065381
100,Oistins,13.07,-59.53,298.15,94,75,8.2,BB,1605065382
101,Talcahuano,-36.72,-73.12,286.15,87,1,3.1,CL,1605065183
102,Mossamedes,-15.2,12.15,295.75,82,49,0.98,AO,1605065382
103,Pergamino,-33.89,-60.57,292.59,76,63,0.89,AR,1605065382
104,Tumbagaan,5.37,120.31,302.22,65,89,1.01,PH,1605065382
105,Leningradskiy,69.38,178.42,269.34,97,100,8.57,RU,1605065382
106,Mezen',65.85,44.24,271.43,95,95,2.63,RU,1605065383
107,Kruisfontein,-34.0,24.73,286.48,96,0,1.11,ZA,1605065383
108,Tutóia,-2.76,-42.27,300.56,81,2,5.06,BR,1605065383
109,Rawson,-43.3,-65.1,289.7,80,85,4.79,AR,1605065249
110,Lüderitz,-26.65,15.16,290.07,38,0,5.94,NA,1605065383
111,Bluff,-46.6,168.33,287.59,73,28,4.92,NZ,1605065384
112,Kapaa,22.08,-159.32,300.15,74,40,7.2,US,1605065384
113,Seoul,37.57,126.98,287.15,34,1,0.32,KR,1605065190
114,Vanimo,-2.67,141.3,302.78,67,78,2.17,PG,1605065384
115,Sambava,-14.27,50.17,295.61,86,5,3.83,MG,1605065384
116,Woodward,36.43,-99.39,279.15,65,1,5.1,US,1605065385
117,Glendive,47.11,-104.71,272.59,86,90,4.1,US,1605065130
118,Sawtell,-30.38,153.1,298.71,60,3,9.8,AU,1605065385
119,Soure,-0.72,-48.52,300.19,82,100,4.71,BR,1605065385
120,Saskylakh,71.92,114.08,256.39,92,100,4.14,RU,1605065386
121,Stettler,52.32,-112.72,267.59,100,100,12.9,CA,1605065386
122,Slave Lake,55.28,-114.77,265.15,85,90,4.6,CA,1605065386
123,Flinders,-34.58,150.86,298.71,67,0,2.68,AU,1605065386
124,Bambous Virieux,-20.34,57.76,298.15,83,75,2.6,MU,1605065386
125,Te Anau,-45.42,167.72,293.36,35,6,1.36,NZ,1605065387
126,Jos,9.92,8.9,289.8,44,4,0.93,NG,1605065387
127,Khasan,42.43,130.64,280.07,56,0,0.85,RU,1605065387
128,Thomaston,32.89,-84.33,295.15,94,90,2.6,US,1605065387
129,Dingle,11.0,122.67,301.76,76,100,3.57,PH,1605065388
130,Kismayo,-0.36,42.55,299.66,80,95,3.98,SO,1605065388
131,Chattanooga,35.05,-85.31,294.15,88,90,2.1,US,1605065326
132,Upernavik,72.79,-56.15,262.27,91,100,1.63,GL,1605065389
133,Emmett,43.87,-116.5,276.48,89,100,2.99,US,1605065389
134,Camaná,-16.62,-72.71,290.73,78,25,2.33,PE,1605065356
135,Capreol,46.71,-80.92,290.93,77,90,9.3,CA,1605065389
136,Solnechnyy,50.72,136.63,269.04,81,0,2.69,RU,1605065390
137,Sioux Lookout,50.1,-91.92,265.15,78,5,1.28,CA,1605065390
138,Tuktoyaktuk,69.45,-133.04,251.15,83,5,5.1,CA,1605065390
139,Tura,25.52,90.22,297.39,57,0,0.68,IN,1605065390
140,Oussouye,12.48,-16.55,299.15,100,0,1.0,SN,1605065390
141,Navahrudak,53.6,25.83,273.37,97,65,0.86,BY,1605065390
142,Souillac,-20.52,57.52,296.15,83,75,2.6,MU,1605065391
143,Tasiilaq,65.61,-37.64,271.91,95,100,10.86,GL,1605065391
144,Pandamatenga,-18.53,25.63,296.77,53,90,4.8,BW,1605065391
145,Lincoln,40.8,-96.67,271.15,86,1,2.1,US,1605065381
146,Barrow,71.29,-156.79,262.15,85,90,11.3,US,1605065391
147,Pevek,69.7,170.31,267.04,96,100,6.45,RU,1605065391
148,Kiryat Gat,31.61,34.76,290.37,74,0,0.29,IL,1605065392
149,Caravelas,-17.71,-39.25,296.34,89,29,3.2,BR,1605065392
150,Esim,4.87,-2.24,298.35,87,18,2.14,GH,1605065392
151,George Town,5.41,100.34,304.15,74,20,2.1,MY,1605065392
152,Porto-Novo,6.5,2.6,300.15,88,40,3.6,BJ,1605065393
153,Clyde River,70.47,-68.59,254.15,91,75,2.1,CA,1605065110
154,Half Moon Bay,37.46,-122.43,286.48,76,90,1.5,US,1605065393
155,Matara,5.95,80.54,301.04,76,100,2.82,LK,1605065393
156,Brookfield,43.06,-88.11,284.26,71,75,13.9,US,1605065331
157,Warrnambool,-38.38,142.48,292.05,89,100,5.57,AU,1605065394
158,Makkah al Mukarramah,21.43,39.83,297.43,79,0,1.97,SA,1605065394
159,Sliven,42.69,26.33,283.15,71,90,2.1,BG,1605065394
160,Laguna,38.42,-121.42,285.93,40,1,1.5,US,1605065394
161,Lethem,3.38,-59.8,299.59,72,0,3.5,GY,1605065394
162,Pisco,-13.7,-76.22,291.15,88,90,4.6,PE,1605065395
163,Guerrero Negro,27.98,-114.06,291.21,49,0,8.44,MX,1605065395
164,Fare,-16.7,-151.02,299.73,74,100,5.25,PF,1605065395
165,Kavaratti,10.57,72.64,301.15,74,20,2.1,IN,1605065396
166,Scarborough,54.28,-0.4,281.48,94,80,2.68,GB,1605065396
167,Dunedin,-45.87,170.5,287.04,74,17,1.34,NZ,1605065378
168,Banda Aceh,5.56,95.32,302.21,70,15,3.6,ID,1605065396
169,Province of Mantua,45.17,10.78,282.04,98,47,0.96,IT,1605065397
170,Khatanga,71.97,102.5,250.54,91,76,2.27,RU,1605065397
171,Mednogorsk,51.41,57.59,270.3,94,100,6.17,RU,1605065397
172,New Norfolk,-42.78,147.06,306.48,22,36,1.34,AU,1605065398
173,Saint-Léonard,47.17,-67.92,289.26,68,100,2.54,CA,1605065398
174,Sicamous,50.83,-118.99,270.37,100,100,0.5,CA,1605065398
175,Bethel,41.37,-73.41,288.71,86,0,1.79,US,1605065398
176,Lakes Entrance,-37.88,147.98,304.82,38,52,2.24,AU,1605065398
177,Lichtenburg,-26.15,26.16,287.98,91,0,4.74,ZA,1605065399
178,Bendigo,-36.77,144.28,298.71,55,100,1.34,AU,1605065394
179,Ciudad Guayana,8.35,-62.65,299.82,76,13,1.34,VE,1605065400
180,Linda,39.13,-121.55,283.15,45,1,2.1,US,1605065400
181,Bud,39.45,-86.18,292.59,93,90,5.7,US,1605065400
182,Kandrian,-6.22,149.55,302.34,73,36,2.85,PG,1605065400
183,San Nicolas,18.17,120.6,303.15,70,75,9.3,PH,1605065177
184,Port Elizabeth,-33.92,25.57,288.15,93,20,2.6,ZA,1605065165
185,Huilong,31.81,121.66,293.15,62,3,1.34,CN,1605065401
186,Aasiaat,68.71,-52.87,261.89,94,98,1.72,GL,1605065401
187,Ust-Nera,64.57,143.2,245.04,77,28,1.6,RU,1605065401
188,Kununurra,-15.77,128.73,312.15,29,0,3.1,AU,1605065402
189,Bubaque,11.28,-15.83,301.42,82,3,5.83,GW,1605065402
190,Bondoukou,8.03,-2.8,294.98,91,100,1.56,CI,1605065402
191,Lata,40.16,-8.33,285.37,91,36,2.04,PT,1605065403
192,Eureka,40.8,-124.16,281.48,90,100,2.53,US,1605065231
193,Arraial do Cabo,-22.97,-42.03,296.24,90,100,6.81,BR,1605065405
194,Cabo San Lucas,22.89,-109.91,295.37,73,75,5.1,MX,1605065405
195,Mareeba,-17.0,145.43,302.59,58,90,5.1,AU,1605065406
196,Fort Nelson,58.81,-122.7,257.15,84,75,1.5,CA,1605065406
197,Vaitape,-16.52,-151.75,299.39,76,100,4.77,PF,1605065407
198,Mahébourg,-20.41,57.7,296.15,83,75,2.6,MU,1605065407
199,São Filipe,14.9,-24.5,299.13,74,1,1.25,CV,1605065407
200,Derzhavīnsk,51.1,66.32,271.63,93,76,8.14,KZ,1605065408
201,Griffith,41.53,-87.42,287.15,87,90,6.7,US,1605065142
202,Meulaboh,4.14,96.13,303.31,66,66,1.07,ID,1605065409
203,Bengkulu,-3.8,102.27,302.65,66,64,3.15,ID,1605065409
204,Nipawin,53.37,-104.0,261.15,85,90,1.5,CA,1605065289
205,Pimenta Bueno,-11.67,-61.19,296.35,85,81,1.9,BR,1605065410
206,Seryshevo,51.09,128.38,270.07,96,83,5.31,RU,1605065410
207,Moose Factory,51.26,-80.61,274.15,80,90,2.1,CA,1605065411
208,Alyangula,-13.85,136.42,303.97,62,62,6.76,AU,1605065411
209,Ribeira Grande,38.52,-28.7,287.15,71,20,2.6,PT,1605065412
210,Eenhana,-17.47,16.33,298.15,20,51,2.6,NA,1605065412
211,Thinadhoo,0.53,72.93,302.01,70,86,2.4,MV,1605065413
212,Letlhakane,-21.42,25.58,294.06,74,93,5.06,BW,1605065414
213,Lázaro Cárdenas,17.96,-102.2,297.84,81,54,0.78,MX,1605065401
214,Longkou,37.65,120.33,289.49,44,0,3.88,CN,1605065414
215,Waspán,14.74,-83.97,296.94,96,100,1.24,NI,1605065415
216,Avarua,-21.21,-159.78,300.15,78,8,6.2,CK,1605065415
217,Skjervøy,70.03,20.97,279.43,60,34,3.89,NO,1605065416
218,Ust-Maya,60.42,134.53,258.43,92,92,0.73,RU,1605065417
219,San Martín,-33.08,-68.47,294.15,56,20,3.6,AR,1605065417
220,Atherton,53.52,-2.49,283.15,81,100,1.34,GB,1605065417
221,Eilat,29.56,34.95,292.15,59,0,3.6,IL,1605065418
222,Honningsvåg,70.98,25.97,276.36,77,98,5.85,NO,1605065418
223,Balotra,25.83,72.23,298.43,18,0,3.34,IN,1605065419
224,Kushiro,42.98,144.37,278.15,41,20,5.7,JP,1605065419
225,Chokurdakh,70.63,147.92,251.57,93,90,0.24,RU,1605065419
226,Cherskiy,68.75,161.3,252.37,91,98,1.91,RU,1605065420
227,Bacolod City,10.67,122.95,301.8,75,100,5.01,PH,1605065174
228,East London,-33.02,27.91,288.15,87,75,2.1,ZA,1605065421
229,Esperance,-33.87,121.9,290.15,72,75,6.7,AU,1605065421
230,Touros,-5.2,-35.46,297.15,94,75,2.6,BR,1605065422
231,Harsīn,34.27,47.59,282.37,73,22,1.44,IR,1605065422
232,Pimentel,-6.84,-79.93,289.9,85,71,3.07,PE,1605065422
233,Kumul,42.8,93.45,283.02,42,0,2.29,CN,1605065422
234,Quatre Cocos,-20.21,57.76,298.15,83,75,2.6,MU,1605065423
235,Bīrpur,26.52,87.02,299.43,42,0,1.41,IN,1605065423
236,Tateyama,34.98,139.87,290.93,42,40,6.7,JP,1605065424
237,Omsukchan,62.53,155.8,246.65,83,94,1.41,RU,1605065424
238,Port Blair,11.67,92.75,301.93,70,43,7.05,IN,1605065425
239,Kayamkulam,9.18,76.5,301.51,65,20,1.71,IN,1605065425
240,Sept-Îles,50.2,-66.38,290.15,63,100,3.6,CA,1605065148
241,Madaba Governorate,31.58,35.67,287.04,93,0,0.6,JO,1605065426
242,Darhan,49.49,105.92,276.46,69,99,3.18,MN,1605065426
243,Coahuayana Viejo,18.73,-103.68,296.75,85,32,1.29,MX,1605065427
244,Araouane,18.9,-3.53,297.18,19,0,4.2,ML,1605065427
245,Paamiut,61.99,-49.67,270.27,89,100,8.31,GL,1605065170
246,Udachny,66.42,112.4,269.15,85,90,5.0,RU,1605065428
247,Gdov,58.74,27.81,276.38,90,8,2.62,RU,1605065429
248,Palmaner,13.2,78.75,295.21,78,100,3.05,IN,1605065429
249,Berlevåg,70.86,29.09,275.68,82,99,4.8,NO,1605065429
250,San Cristobal,7.77,-72.22,292.16,92,51,0.84,VE,1605065429
251,Kaitangata,-46.28,169.85,287.04,73,24,4.92,NZ,1605065430
252,Broome,42.25,-75.83,289.82,77,1,4.1,US,1605065430
253,Port Augusta,-32.5,137.77,300.93,21,0,7.7,AU,1605065431
254,Puerto Escondido,15.85,-97.07,300.15,74,40,1.5,MX,1605065431
255,Plettenberg Bay,-34.05,23.37,287.18,76,5,1.5,ZA,1605065431
256,Narsaq,60.92,-46.05,267.27,93,100,3.1,GL,1605065432
257,Carnarvon,-24.87,113.63,296.15,43,5,8.7,AU,1605065432
258,Kotel'nich,58.31,48.35,271.44,93,90,3.99,RU,1605065432
259,Wanning,18.8,110.4,296.88,86,100,8.27,CN,1605065307
260,Nome,64.5,-165.41,274.26,96,90,7.2,US,1605065433
261,Gazli,40.13,63.45,283.78,43,100,3.02,UZ,1605065433
262,Muisne,0.6,-80.03,296.29,82,99,3.48,EC,1605065434
263,Saldanha,-33.01,17.94,282.15,81,8,1.5,ZA,1605065434
264,Antigonish,45.62,-62.0,287.15,62,52,6.7,CA,1605065435
265,Lompoc,34.64,-120.46,284.26,62,1,2.6,US,1605065394
266,Coquimbo,-29.95,-71.34,286.15,87,75,2.1,CL,1605065435
267,Haines Junction,60.75,-137.51,256.15,84,70,0.5,CA,1605065436
268,Sitka,57.05,-135.33,274.15,80,1,2.1,US,1605065436
269,Benghazi,32.12,20.07,292.59,78,9,4.21,LY,1605065437
270,Seymchan,62.88,152.43,245.8,86,18,0.38,RU,1605065437
271,Tilichiki,60.47,166.1,262.39,93,88,2.58,RU,1605065437
272,Ambovombe,-25.17,46.08,298.54,57,0,1.26,MG,1605065437
273,Talnakh,69.49,88.4,258.15,84,40,3.0,RU,1605065437
274,Saint-Pierre,-21.34,55.48,298.15,57,0,1.5,RE,1605065438
275,Zheleznogorsk,52.33,35.37,271.88,99,3,2.66,RU,1605065438
276,Ha Tinh,18.33,105.9,293.35,76,100,4.58,VN,1605065438
277,Cockburn Town,21.46,-71.14,300.66,75,83,12.84,TC,1605065439
278,Ojinaga,29.57,-104.42,290.15,29,1,2.1,MX,1605065439
279,Hamilton,39.18,-84.53,292.59,93,90,2.6,US,1605064876
280,Shingū,33.73,135.98,289.15,44,20,4.1,JP,1605065439
281,Mīzan Teferī,6.98,35.58,289.11,84,6,1.2,ET,1605065440
282,Ancud,-41.87,-73.82,283.71,87,38,2.1,CL,1605065441
283,Ranfurly,-45.13,170.1,293.15,44,30,0.89,NZ,1605065441
284,La Ronge,55.1,-105.28,267.15,85,100,3.1,CA,1605065262
285,Orotukan,62.27,151.7,246.2,86,0,0.94,RU,1605065443
286,Mchinji,-13.8,32.88,294.48,52,97,1.46,MW,1605065443
287,Oktyabr'skoye,43.06,44.74,278.15,100,100,3.0,RU,1605065443
288,Vallenar,-28.57,-70.76,284.71,84,28,0.34,CL,1605065340
289,Hurghada,27.26,33.81,293.15,37,0,3.1,EG,1605065444
290,Nochistlán de Mejía,21.37,-102.85,290.15,29,5,2.6,MX,1605065444
291,Puri,19.8,85.85,300.15,65,40,4.1,IN,1605065445
292,Liverpool,53.41,-2.98,284.26,87,100,3.1,GB,1605065438
293,Taywarah,33.35,64.42,277.91,59,5,0.94,AF,1605065446
294,Shirvan,39.95,48.9,286.15,67,95,5.48,AZ,1605065446
295,Mehamn,71.04,27.85,275.41,84,100,4.39,NO,1605065446
296,Sāmba,32.57,75.12,296.28,20,0,1.08,IN,1605065447
297,Santa Maria,-29.68,-53.81,293.15,82,0,1.0,BR,1605065424
298,Agen,44.2,0.63,281.15,100,90,1.5,FR,1605065447
299,The Valley,18.22,-63.06,297.15,94,75,4.1,AI,1605065448
300,Porangatu,-13.44,-49.15,296.89,72,38,1.25,BR,1605065413
301,Bambanglipuro,-7.95,110.28,303.08,67,70,6.02,ID,1605065448
302,Sabang,5.89,95.32,301.08,79,5,6.6,ID,1605065449
303,Triunfo,-29.94,-51.72,294.26,100,0,1.0,BR,1605065449
304,Kupang,-10.17,123.58,305.15,59,40,3.1,ID,1605065450
305,Krasnoborsk,61.56,45.93,272.55,95,100,3.89,RU,1605065450
306,Bitung,1.45,125.18,306.15,52,20,3.1,ID,1605065450
307,Marsh Harbour,26.54,-77.06,299.83,83,100,10.19,BS,1605065450
308,Cabra,37.47,-4.44,284.26,81,5,1.7,ES,1605065451
309,Brigham City,41.51,-112.02,276.15,55,90,2.84,US,1605065212
310,Shenjiamen,29.96,122.3,290.22,61,34,5.95,CN,1605065451
311,Hualmay,-11.1,-77.61,289.27,88,27,1.79,PE,1605065452
312,Luanda,-8.84,13.23,298.15,83,75,3.1,AO,1605065006
313,Puerto Ayora,-0.74,-90.35,294.26,85,92,2.24,EC,1605065452
314,Usinsk,65.99,57.53,268.77,97,93,7.47,RU,1605065453
315,Takoradze,4.88,-1.76,298.68,84,23,2.83,GH,1605065453
316,Forbes,-33.38,148.02,305.37,20,44,1.34,AU,1605065453
317,Kirakira,-10.45,161.92,302.88,72,79,3.12,SB,1605065453
318,Swan Hill,-35.34,143.55,299.63,51,100,8.05,AU,1605065453
319,Kaka,37.35,59.61,286.47,45,24,3.15,TM,1605065454
320,Corinth,37.94,22.96,290.37,54,96,4.07,GR,1605065454
321,Baker City,44.77,-117.83,274.15,80,75,1.62,US,1605065454
322,Fairbanks,64.84,-147.72,268.15,85,75,2.22,US,1605065455
323,Sinnamary,5.38,-52.95,299.15,87,83,4.23,GF,1605065455
324,Taoudenni,22.68,-3.98,296.64,20,0,3.6,ML,1605065456
325,Ponta do Sol,32.67,-17.1,293.15,68,75,4.6,PT,1605065456
326,Vardø,70.37,31.11,276.44,78,99,5.08,NO,1605065456
327,Bassano,50.78,-112.47,270.15,100,100,9.3,CA,1605065456
328,Alofi,-19.06,-169.92,300.15,65,40,5.7,NU,1605065457
329,Marawi,8.0,124.29,302.04,76,99,1.34,PH,1605065457
330,Ruteng,-8.61,120.47,297.97,76,59,0.9,ID,1605065457
331,Bajos de Haina,18.42,-70.03,298.71,94,75,2.1,DO,1605065457
332,Skagen,57.72,10.58,282.04,85,100,4.47,DK,1605065458
333,Kavkazskiy,44.27,42.23,279.15,87,90,2.0,RU,1605065458
334,Zaranj,30.97,61.88,291.5,30,0,2.06,AF,1605065459
335,Acaraú,-2.89,-40.12,300.29,78,41,7.06,BR,1605065159
336,Kondinskoye,59.65,67.41,266.1,98,87,2.41,RU,1605065459
337,Bathsheba,13.22,-59.52,298.15,94,75,8.2,BB,1605065459
338,Bereket,39.24,55.52,285.05,66,100,2.15,TM,1605065459
339,Washington,47.5,-120.5,277.59,76,95,0.94,US,1605065460
340,Camopi,3.17,-52.32,295.69,97,58,0.88,GF,1605065460
341,Ambon City,-3.7,128.18,306.15,66,40,3.1,ID,1605065460
342,Tocopilla,-22.09,-70.2,288.37,60,0,0.53,CL,1605065461
343,Grand Gaube,-20.01,57.66,298.15,72,9,4.92,MU,1605065461
344,Gamba,-2.65,10.0,297.36,88,70,0.99,GA,1605065461
345,North Bend,43.41,-124.22,282.59,93,90,2.1,US,1605065377
346,Linxia Chengguanzhen,35.6,103.21,284.53,43,0,1.11,CN,1605065461
347,Walvis Bay,-22.96,14.51,286.48,87,0,4.1,NA,1605065462
348,Yenagoa,4.92,6.26,296.73,94,49,0.79,NG,1605065462
349,Cantagalo,-21.98,-42.37,292.86,97,99,1.01,BR,1605065459
350,Santa Isabel,-23.32,-46.22,294.15,94,75,3.1,BR,1605065401
351,Dāmghān,36.17,54.35,283.12,56,62,0.61,IR,1605065463
352,Emba,48.83,58.14,270.81,94,3,4.45,KZ,1605065463
353,Saint Anthony,45.02,-93.22,271.48,92,90,7.7,US,1605065463
354,Nguru,12.88,10.45,293.23,34,40,4.07,NG,1605065464
355,Uruçuí,-7.23,-44.56,298.99,64,39,0.89,BR,1605065465
356,Maniwaki,46.38,-75.97,290.15,67,100,2.6,CA,1605065365
357,Sibolga,1.74,98.78,303.99,61,81,2.09,ID,1605065465
358,Faranah,10.04,-10.74,292.87,74,0,0.48,GN,1605065466
359,Emerald,-23.53,148.17,303.15,26,0,2.6,AU,1605065460
360,Ostrovnoy,68.05,39.51,274.43,90,100,6.06,RU,1605065466
361,Norman Wells,65.28,-126.83,251.15,83,40,2.6,CA,1605065466
362,Barretos,-20.56,-48.57,295.94,72,82,0.94,BR,1605065467
363,Pulwama,33.87,74.9,285.65,34,3,0.48,IN,1605065467
364,Yulara,-25.24,130.99,307.15,9,0,3.1,AU,1605065467
365,Padang,-0.95,100.35,303.29,63,90,2.37,ID,1605065467
366,Mount Gambier,-37.83,140.77,294.15,49,75,5.7,AU,1605065468
367,Andrelândia,-21.74,-44.31,291.52,90,100,0.95,BR,1605065468
368,Champerico,14.3,-91.92,293.71,96,78,0.45,GT,1605065469
369,Abu Samrah,35.3,37.18,287.73,77,0,0.64,SY,1605065469
370,Teya,60.38,92.63,270.18,94,73,4.46,RU,1605065469
371,Zyryanka,65.75,150.85,249.0,90,82,1.88,RU,1605065470
372,Søgne,58.08,7.82,282.04,93,100,0.5,NO,1605065470
373,Goryachegorsk,55.41,88.92,271.76,91,66,4.98,RU,1605065470
374,Vakhtan,57.97,46.69,271.9,96,97,4.23,RU,1605065470
375,Río Tercero,-32.17,-64.11,291.73,57,0,2.09,AR,1605065470
376,Faanui,-16.48,-151.75,298.96,78,100,4.8,PF,1605065471
377,Chifeng,42.27,118.96,287.91,31,3,4.74,CN,1605065471
378,Grinnell,41.74,-92.72,275.15,74,90,8.2,US,1605065412
379,Chernoyerkovskaya,45.43,37.77,275.15,69,0,4.0,RU,1605065471
380,Vao,-22.67,167.48,294.79,75,100,9.05,NC,1605065471
381,Port Hedland,-20.32,118.57,309.15,22,0,6.2,AU,1605065472
382,Tigre,-34.43,-58.58,293.71,77,0,5.7,AR,1605065472
383,Zhangjiakou,40.81,114.88,282.51,44,97,1.06,CN,1605065365
384,Mataró,41.54,2.44,287.59,77,0,0.89,ES,1605065473
385,Eyl,7.98,49.82,298.58,75,31,6.0,SO,1605065473
386,Charlestown,-32.95,151.67,298.15,53,20,6.2,AU,1605065473
387,Okha,53.57,142.95,268.97,90,100,6.47,RU,1605065474
388,Kaabong,3.48,34.15,291.11,84,50,4.12,UG,1605065474
389,Faya,18.39,42.45,286.15,87,0,0.54,SA,1605065475
390,Harar,9.31,42.13,290.41,60,47,0.76,ET,1605065475
391,Peniche,39.36,-9.38,287.04,87,1,5.36,PT,1605065475
392,Lavrentiya,65.58,-171.0,273.27,96,100,1.55,RU,1605065475
393,Shache,38.42,77.24,282.61,34,0,1.51,CN,1605065475
394,San Miguel de Cozumel,20.51,-86.95,299.82,84,71,5.36,MX,1605065476
395,Senador José Porfírio,-2.59,-51.95,297.94,87,100,1.54,BR,1605065476
396,Airai,-8.93,125.41,300.15,50,100,2.07,TL,1605065477
397,Bernalillo,35.05,-106.67,277.59,32,1,3.6,US,1605065477
398,Tabou,4.42,-7.35,298.72,87,96,3.74,CI,1605065477
399,Ngunguru,-35.62,174.5,294.26,56,19,4.02,NZ,1605065478
400,Vestmannaeyjar,63.44,-20.27,278.17,69,98,3.27,IS,1605065478
401,Ciudad Bolivar,8.12,-63.55,298.15,76,41,4.49,VE,1605065478
402,Mt. Pleasant,32.79,-79.86,297.15,94,90,3.1,US,1605064912
403,Killybegs,54.63,-8.45,283.15,96,100,2.24,IE,1605065479
404,Russell,32.35,-85.2,296.15,88,90,2.6,US,1605065479
405,Atambua,-9.11,124.89,303.92,52,99,1.55,ID,1605065479
406,Richards Bay,-28.78,32.04,292.65,87,100,3.45,ZA,1605065480
407,Bonavista,48.65,-53.11,284.26,81,77,6.7,CA,1605065480
408,Kiunga,-6.12,141.29,302.23,87,90,0.95,PG,1605065480
409,Samarai,-10.62,150.67,300.07,82,37,6.81,PG,1605065480
410,Kaoma,-14.78,24.8,293.58,49,47,1.39,ZM,1605065481
411,Kavieng,-2.57,150.8,302.32,68,17,2.61,PG,1605065481
412,Strezhevoy,60.73,77.59,270.15,92,90,1.0,RU,1605065481
413,Durant,33.99,-96.37,285.37,61,1,2.1,US,1605065434
414,Kilindoni,-7.91,39.67,299.48,80,96,4.36,TZ,1605065226
415,Toamasina,-18.17,49.38,295.15,94,75,1.5,MG,1605065482
416,Tay Ninh,11.3,106.1,296.48,86,100,0.95,VN,1605065482
417,Ürümqi,43.8,87.6,277.15,60,0,1.0,CN,1605065413
418,Sumenep,-7.02,113.87,305.27,50,14,4.25,ID,1605065483
419,Troitsko-Pechorsk,62.71,56.2,268.84,96,85,3.24,RU,1605065483
420,Kalmunai,7.42,81.82,301.54,73,100,1.46,LK,1605065483
421,Pout,14.77,-17.06,297.15,94,1,2.1,SN,1605065484
422,Tezpur,26.63,92.8,296.71,66,1,2.04,IN,1605065484
423,Margate,51.38,1.39,284.26,93,50,0.45,GB,1605065485
424,Wilmington,34.23,-77.94,296.15,83,1,3.1,US,1605065485
425,Songjianghe,42.19,127.48,282.26,49,0,3.48,CN,1605065485
426,Jaumave,23.42,-99.38,292.5,77,3,0.63,MX,1605065485
427,Gwanda,-20.93,29.0,291.43,86,100,6.5,ZW,1605065485
428,Rocha,-34.48,-54.33,285.69,93,2,1.22,UY,1605065486
429,Carndonagh,55.25,-7.27,285.41,88,100,6.84,IE,1605065486
430,Port Hardy,50.7,-127.42,280.15,100,40,3.1,CA,1605065486
431,Yanam,16.73,82.22,300.15,57,40,2.6,IN,1605065486
432,Gao,16.64,1.64,294.05,24,0,6.06,ML,1605065487
433,Krasnogorodskoye,56.84,28.28,273.37,98,11,1.42,RU,1605065487
434,Verkhnyaya Inta,65.98,60.31,267.4,98,100,6.08,RU,1605065487
435,Mahon,39.89,4.27,286.15,93,0,3.6,ES,1605065487
436,Shar,49.59,81.05,277.94,67,99,9.0,KZ,1605065488
437,Paciran,-6.88,112.38,305.37,52,5,1.45,ID,1605065488
438,Catia La Mar,10.6,-67.03,299.15,94,20,2.1,VE,1605065488
439,Doumé,4.23,13.45,292.37,88,23,0.16,CM,1605065489
440,Tucuruí,-3.77,-49.67,297.02,91,95,1.65,BR,1605065489
441,Natal'insk,56.47,57.87,269.34,94,100,4.11,RU,1605065490
442,Maniitsoq,65.42,-52.9,266.63,91,92,0.59,GL,1605065490
443,Riyadh,24.69,46.72,293.15,56,0,1.5,SA,1605065490
444,Tessalit,20.2,1.01,292.71,27,0,5.28,ML,1605065490
445,Yeppoon,-23.13,150.73,301.15,39,40,4.1,AU,1605065491
446,Key West,24.56,-81.78,300.15,78,75,11.3,US,1605065121
447,Saint Lawrence,36.06,14.2,289.26,87,0,1.0,MT,1605065491
448,Knysna,-34.04,23.05,286.15,87,75,1.0,ZA,1605065492
449,North Platte,41.12,-100.77,271.15,74,1,3.6,US,1605065492
450,Katherine,-14.47,132.27,310.15,35,40,3.6,AU,1605065492
451,Coyhaique,-45.58,-72.07,286.15,71,0,2.6,CL,1605065493
452,Panjāb,34.39,67.02,277.15,53,94,1.36,AF,1605065493
453,Jiaocheng,24.68,116.14,298.91,25,0,1.96,CN,1605065493
454,Balkhash,46.84,74.98,276.15,86,0,2.0,KZ,1605065395
455,Aloleng,16.13,119.78,302.69,73,75,7.72,PH,1605065494
456,Tanhaçu,-14.02,-41.25,292.84,88,0,1.97,BR,1605065494
457,Corrientes,-27.48,-58.83,296.48,83,0,1.5,AR,1605065494
458,Henties Bay,-22.12,14.28,286.48,93,0,0.76,NA,1605065495
459,Mattru,7.62,-11.83,296.06,97,0,0.74,SL,1605065495
460,Yurécuaro,20.33,-102.3,289.66,60,4,0.77,MX,1605065495
461,Zhangye,38.93,100.45,282.54,34,40,1.64,CN,1605065496
462,Ixtapa,20.7,-105.2,299.15,74,75,2.1,MX,1605065496
463,Asău,46.43,26.4,277.59,94,89,0.95,RO,1605065496
464,Yel'nya,54.58,33.18,272.09,99,11,2.42,RU,1605065497
465,Nyurba,63.28,118.33,272.16,95,100,3.05,RU,1605065497
466,Bara,10.37,10.73,294.51,32,4,3.02,NG,1605065497
467,Sabana de Torres,7.39,-73.5,296.9,92,100,1.03,CO,1605065497
468,Bandarbeyla,9.49,50.81,298.22,78,20,6.99,SO,1605065498
469,Koundara,12.48,-13.3,295.01,63,0,0.76,GN,1605065498
470,Evensk,61.95,159.23,256.41,84,65,3.41,RU,1605065498
471,São José dos Campos,-23.18,-45.89,292.15,93,20,1.0,BR,1605065499
472,Tiznit Province,29.58,-9.5,288.1,45,5,1.24,MA,1605065499
473,Mana,5.66,-53.78,298.91,88,77,3.17,GF,1605065499
474,Mogadishu,2.04,45.34,298.36,69,100,3.33,SO,1605065307
475,Caxito,-8.58,13.66,298.15,83,75,3.1,AO,1605065500
476,Campbell River,50.02,-125.24,275.93,100,40,1.0,CA,1605065347
477,Sharjah city,25.36,55.4,297.15,83,0,2.1,AE,1605065500
478,Raipur,21.23,81.63,294.64,51,0,2.61,IN,1605064844
479,Arlit,18.74,7.39,292.11,36,0,1.95,NE,1605065501
480,Inhambane,-23.86,35.38,296.87,83,16,3.42,MZ,1605065501
481,Vozhega,60.47,40.22,271.76,95,94,3.69,RU,1605065501
482,Dalby,-27.18,151.27,299.15,34,0,4.1,AU,1605065502
483,Muroto-misakicho,33.28,134.15,291.15,39,20,5.7,JP,1605065502
484,Srednekolymsk,67.45,153.68,249.66,90,85,4.19,RU,1605065502
485,Puerto del Rosario,28.5,-13.86,293.15,77,40,5.1,ES,1605065502
486,Yuzhne,46.62,31.1,275.15,68,0,2.0,UA,1605065503
487,Marystown,47.17,-55.15,282.59,100,2,8.16,CA,1605065503
488,Raudeberg,61.99,5.14,283.15,87,92,5.1,NO,1605065503
489,Sistranda,63.73,8.83,279.15,93,40,7.2,NO,1605065504
490,Constitución,-35.33,-72.42,284.37,92,10,1.62,CL,1605065504
491,Prince Rupert,54.32,-130.32,278.15,80,1,2.1,CA,1605065457
492,College,64.86,-147.8,268.15,85,75,2.6,US,1605065505
493,Codrington,-38.27,141.97,291.15,92,100,2.69,AU,1605065505
494,Isiro,2.77,27.62,291.01,98,79,0.6,CD,1605065505
495,Lukovetskiy,64.3,41.92,272.15,86,40,2.0,RU,1605065506
496,Salinópolis,-0.61,-47.36,299.67,83,91,3.9,BR,1605065507
497,Geraldton,-28.77,114.6,293.15,42,100,3.1,AU,1605065381
498,Galveston,29.37,-94.97,296.15,88,1,1.5,US,1605065275
499,Saint-Joseph,-21.37,55.62,298.15,57,0,1.5,RE,1605065508
500,Niltepec,16.57,-94.62,296.82,88,51,1.81,MX,1605065508
501,Barra do Garças,-15.89,-52.26,297.2,69,24,1.05,BR,1605065508
502,Qui Nhon,13.77,109.23,300.6,79,2,1.35,VN,1605065508
503,Luwuk,-0.95,122.79,304.6,52,71,1.29,ID,1605065509
504,Tommot,58.96,126.29,273.7,93,93,2.93,RU,1605065510
505,Mel'nikovo,56.56,84.08,273.15,84,100,4.98,RU,1605065510
506,Krasnosel'kup,65.7,82.47,254.21,92,35,2.19,RU,1605065510
507,Hervey Bay,-25.3,152.85,301.48,42,40,4.6,AU,1605065511
508,Mudanya,40.38,28.88,287.15,87,40,4.41,TR,1605065511
509,Port Lincoln,-34.73,135.87,291.12,70,47,13.24,AU,1605065511
510,Mabaruma,8.2,-59.78,296.9,95,15,1.13,GY,1605065511
511,Pangnirtung,66.15,-65.71,259.25,79,0,2.91,CA,1605065512
512,Santa Rosa,14.31,121.11,301.15,88,75,3.6,PH,1605065512
513,Mocuba,-16.84,36.99,297.24,89,28,2.09,MZ,1605065512
514,La Paz,-16.5,-68.15,277.15,80,75,2.1,BO,1605065405
515,Gorin,51.2,136.67,269.3,81,6,3.81,RU,1605065513
516,Algiers,36.75,3.04,290.15,93,40,2.1,DZ,1605065495
517,Ayan,56.45,138.17,270.21,85,68,1.66,RU,1605065513
518,Hanting,36.77,119.21,292.39,29,0,4.21,CN,1605065514
519,Ivankiv,50.94,29.89,275.15,100,0,1.0,UA,1605065514
520,Chara,56.91,118.26,272.18,95,99,0.7,RU,1605065514
521,Zhaozhou,45.68,125.32,283.33,50,0,6.44,CN,1605065514
522,Dongsheng,39.82,109.98,283.84,59,1,6.95,CN,1605065515
523,Huarmey,-10.07,-78.15,289.5,87,79,2.06,PE,1605065515
524,Shimoda,34.67,138.95,290.15,42,40,6.7,JP,1605065515
525,Baracoa,20.35,-74.5,298.7,83,97,0.57,CU,1605065516
526,Gornyy,55.12,83.91,272.93,100,100,3.15,RU,1605065516
527,Maceió,-9.67,-35.74,295.15,100,40,1.0,BR,1605065399
528,Poum,-20.23,164.02,295.66,81,100,1.22,NC,1605065517
529,Coolum Beach,-26.53,153.1,298.15,66,0,1.79,AU,1605065517
530,Porto Empedocle,37.29,13.53,286.48,100,0,0.45,IT,1605065517
531,Monticello,45.31,-93.79,270.93,86,90,5.69,US,1605065518
532,Denpasar,-8.65,115.22,303.15,74,40,3.1,ID,1605065518
533,Pitimbu,-7.47,-34.81,297.15,88,75,1.5,BR,1605065518
534,Morshansk,53.44,41.81,272.3,94,32,4.51,RU,1605065519
